Age,Workclass,Fnlwgt,Education,Education-num,Marital-status,Occupation,Relationship,Race,Sex,Capital-gain,Capital-loss,Hours-per-week,Native-country,Income
28,Private,76714,Prof-school,15,Never-married,Prof-specialty,Not-in-family,White,Male,0,0,55,United-States,>50K
41,Private,178431,HS-grad,9,Married-civ-spouse,Craft-repair,Husband,Asian-Pac-Islander,Male,0,0,40,Taiwan,<=50K
53,Private,290640,HS-grad,9,Married-civ-spouse,Other-service,Husband,White,Male,0,0,50,Germany,>50K
31,Private,215297,HS-grad,9,Married-civ-spouse,Craft-repair,Husband,White,Male,0,0,45,United-States,<=50K
34,Local-gov,188682,Bachelors,13,Married-spouse-absent,Prof-specialty,Not-in-family,White,Female,0,0,40,United-States,<=50K
34,Private,94413,HS-grad,9,Married-civ-spouse,Transport-moving,Husband,White,Male,0,0,40,United-States,>50K
34,Private,102858,HS-grad,9,Separated,Adm-clerical,Unmarried,White,Male,0,0,40,United-States,<=50K
52,Private,169549,Some-college,10,Divorced,Exec-managerial,Unmarried,White,Female,0,0,40,United-States,<=50K
49,Private,298659,HS-grad,9,Married-civ-spouse,Sales,Husband,White,Male,0,0,15,Mexico,<=50K
36,Private,89508,Some-college,10,Divorced,Prof-specialty,Not-in-family,White,Male,0,0,50,United-States,<=50K
22,Private,204226,HS-grad,9,Never-married,Exec-managerial,Own-child,White,Female,0,0,40,United-States,<=50K
42,Private,27444,Some-college,10,Married-spouse-absent,Prof-specialty,Not-in-family,White,Male,0,0,40,United-States,>50K
57,Private,24384,7th-8th,4,Widowed,Other-service,Not-in-family,White,Female,0,0,10,United-States,<=50K
19,Private,427862,Some-college,10,Never-married,Other-service,Own-child,White,Male,0,0,35,United-States,<=50K
36,Private,214816,HS-grad,9,Never-married,Craft-repair,Not-in-family,White,Female,0,0,40,United-States,<=50K
25,Private,250038,Masters,14,Married-civ-spouse,Machine-op-inspct,Not-in-family,White,Male,0,0,40,Mexico,<=50K
36,Private,35429,Some-college,10,Married-civ-spouse,Exec-managerial,Husband,White,Male,0,0,60,United-States,<=50K
50,Private,133963,HS-grad,9,Divorced,Adm-clerical,Unmarried,White,Female,0,0,35,United-States,<=50K
36,State-gov,47570,Masters,14,Never-married,Prof-specialty,Not-in-family,White,Female,0,0,40,United-States,<=50K
18,Private,41973,11th,7,Never-married,Adm-clerical,Own-child,White,Female,0,0,5,United-States,<=50K
54,Self-emp-not-inc,33863,HS-grad,9,Married-civ-spouse,Farming-fishing,Husband,White,Male,0,0,60,United-States,>50K
50,State-gov,103063,Bachelors,13,Married-civ-spouse,Exec-managerial,Husband,White,Male,0,0,40,United-States,>50K
38,Private,241153,Masters,14,Married-civ-spouse,Exec-managerial,Husband,White,Male,0,0,48,United-States,>50K
40,Local-gov,27444,Bachelors,13,Never-married,Prof-specialty,Not-in-family,White,Male,0,0,50,United-States,>50K
35,Private,377798,Bachelors,13,Never-married,Prof-specialty,Not-in-family,White,Male,0,0,50,United-States,>50K
34,Private,108837,Some-college,10,Married-civ-spouse,Handlers-cleaners,Husband,White,Male,0,0,40,United-States,>50K
44,Self-emp-inc,383493,HS-grad,9,Married-civ-spouse,Craft-repair,Husband,White,Male,0,0,60,United-States,>50K
50,Private,195844,Assoc-acdm,12,Married-civ-spouse,Exec-managerial,Husband,White,Male,0,0,50,United-States,>50K
37,Private,468713,Some-college,10,Married-civ-spouse,Adm-clerical,Husband,White,Male,0,0,40,United-States,<=50K
47,Private,207140,HS-grad,9,Divorced,Adm-clerical,Not-in-family,White,Female,0,0,38,United-States,<=50K
50,Self-emp-inc,100029,Bachelors,13,Widowed,Sales,Unmarried,White,Male,0,0,65,United-States,>50K
31,Private,101697,Assoc-voc,11,Married-civ-spouse,Prof-specialty,Wife,White,Female,0,0,40,United-States,<=50K
48,Self-emp-inc,192945,HS-grad,9,Married-civ-spouse,Exec-managerial,Husband,White,Male,7688,0,40,United-States,>50K
60,Self-emp-not-inc,92845,5th-6th,3,Married-civ-spouse,Farming-fishing,Husband,White,Male,0,0,40,United-States,<=50K
24,Private,214014,HS-grad,9,Never-married,Craft-repair,Own-child,Black,Male,0,0,40,United-States,<=50K
22,Private,60668,Some-college,10,Never-married,Craft-repair,Not-in-family,White,Male,0,0,40,United-States,<=50K
57,Private,372967,10th,6,Divorced,Adm-clerical,Other-relative,White,Female,0,0,70,Germany,<=50K
37,Self-emp-inc,98389,HS-grad,9,Married-civ-spouse,Exec-managerial,Husband,White,Male,0,0,50,United-States,>50K
18,Private,131180,11th,7,Never-married,Prof-specialty,Own-child,White,Female,0,0,16,United-States,<=50K
25,Self-emp-inc,158751,Assoc-voc,11,Never-married,Transport-moving,Unmarried,White,Male,0,0,55,United-States,<=50K
28,Private,183639,HS-grad,9,Never-married,Handlers-cleaners,Unmarried,White,Male,0,0,40,United-States,<=50K
33,Private,78707,11th,7,Never-married,Other-service,Not-in-family,Black,Male,0,0,40,United-States,<=50K
24,Private,216563,HS-grad,9,Married-civ-spouse,Machine-op-inspct,Wife,White,Female,0,0,40,United-States,<=50K
19,Self-emp-not-inc,45546,Some-college,10,Never-married,Sales,Own-child,White,Female,0,0,16,United-States,<=50K
51,Private,145409,Some-college,10,Married-civ-spouse,Craft-repair,Husband,White,Male,3103,0,48,United-States,>50K
22,Private,240817,HS-grad,9,Never-married,Sales,Own-child,White,Female,2597,0,40,United-States,<=50K
37,Federal-gov,45937,Assoc-acdm,12,Married-civ-spouse,Exec-managerial,Wife,White,Female,0,0,40,United-States,>50K
19,Private,197384,Some-college,10,Never-married,Other-service,Own-child,White,Female,0,0,10,United-States,<=50K
66,Self-emp-not-inc,167687,HS-grad,9,Married-civ-spouse,Farming-fishing,Husband,White,Male,1409,0,50,United-States,<=50K
29,Federal-gov,224858,Some-college,10,Married-civ-spouse,Protective-serv,Husband,White,Male,0,0,60,United-States,<=50K
31,Federal-gov,101345,HS-grad,9,Never-married,Handlers-cleaners,Own-child,White,Female,0,0,40,United-States,<=50K
60,Private,230545,7th-8th,4,Divorced,Adm-clerical,Not-in-family,White,Female,0,0,35,Cuba,<=50K
38,Private,136629,Bachelors,13,Married-civ-spouse,Machine-op-inspct,Husband,White,Male,0,0,40,Iran,<=50K
67,Private,197865,Some-college,10,Divorced,Adm-clerical,Not-in-family,White,Female,0,0,40,United-States,<=50K
39,Private,74163,12th,8,Divorced,Sales,Not-in-family,White,Female,0,0,40,United-States,<=50K
38,Private,351299,Some-college,10,Married-civ-spouse,Transport-moving,Husband,Black,Male,0,0,50,United-States,<=50K
40,Self-emp-not-inc,188436,HS-grad,9,Separated,Exec-managerial,Other-relative,White,Male,0,0,40,United-States,<=50K
49,Self-emp-not-inc,175622,Bachelors,13,Married-civ-spouse,Prof-specialty,Husband,White,Male,0,0,40,United-States,>50K
31,State-gov,110714,Some-college,10,Never-married,Other-service,Own-child,White,Female,0,0,37,United-States,<=50K
34,Private,115488,HS-grad,9,Married-civ-spouse,Sales,Husband,White,Male,0,0,40,United-States,<=50K
33,Private,219034,11th,7,Never-married,Sales,Not-in-family,White,Female,0,0,40,United-States,<=50K
27,Private,134566,HS-grad,9,Never-married,Adm-clerical,Not-in-family,White,Male,0,0,40,United-States,<=50K
49,Self-emp-inc,330874,Some-college,10,Married-civ-spouse,Sales,Husband,White,Male,0,0,70,United-States,>50K
59,Self-emp-not-inc,144071,5th-6th,3,Married-civ-spouse,Other-service,Husband,White,Male,2580,0,15,El-Salvador,<=50K
45,Private,1366120,Assoc-voc,11,Divorced,Other-service,Not-in-family,White,Female,0,0,8,United-States,<=50K
40,Private,160369,Masters,14,Married-civ-spouse,Exec-managerial,Husband,White,Male,0,2415,45,United-States,>50K
32,Private,259719,Some-college,10,Divorced,Handlers-cleaners,Unmarried,Black,Male,0,0,40,Nicaragua,<=50K
42,Private,163003,Bachelors,13,Married-spouse-absent,Tech-support,Own-child,Asian-Pac-Islander,Female,0,0,40,United-States,<=50K
44,Private,173704,Bachelors,13,Married-civ-spouse,Exec-managerial,Husband,White,Male,0,0,40,United-States,>50K
62,Local-gov,208266,Assoc-voc,11,Divorced,Adm-clerical,Not-in-family,Black,Female,0,0,40,United-States,<=50K
47,Private,274883,HS-grad,9,Married-civ-spouse,Transport-moving,Husband,White,Male,0,0,40,United-States,<=50K
41,Local-gov,195897,Masters,14,Married-civ-spouse,Prof-specialty,Husband,White,Male,0,0,60,United-States,<=50K
42,Federal-gov,198316,Masters,14,Married-civ-spouse,Exec-managerial,Husband,White,Male,0,0,40,United-States,>50K
61,Private,273803,HS-grad,9,Married-civ-spouse,Craft-repair,Husband,White,Male,0,0,40,United-States,<=50K
40,Self-emp-not-inc,30759,Assoc-voc,11,Married-civ-spouse,Farming-fishing,Husband,White,Male,0,0,60,United-States,<=50K
33,Private,170769,Doctorate,16,Divorced,Sales,Not-in-family,White,Male,99999,0,60,United-States,>50K
39,Private,150061,Masters,14,Divorced,Exec-managerial,Unmarried,Black,Female,15020,0,60,United-States,>50K
22,Private,199555,Some-college,10,Never-married,Farming-fishing,Own-child,White,Male,0,0,25,United-States,<=50K
32,Private,198183,Some-college,10,Divorced,Exec-managerial,Not-in-family,White,Female,0,0,38,United-States,<=50K
44,State-gov,199551,11th,7,Separated,Tech-support,Not-in-family,Black,Male,0,0,40,United-States,<=50K
34,Self-emp-inc,175761,Bachelors,13,Married-civ-spouse,Prof-specialty,Husband,White,Male,0,0,60,United-States,>50K
43,Private,145441,Bachelors,13,Married-civ-spouse,Exec-managerial,Husband,White,Male,0,0,38,United-States,>50K
54,Self-emp-not-inc,230951,Bachelors,13,Married-civ-spouse,Exec-managerial,Husband,White,Male,0,0,40,United-States,>50K
39,Private,80410,Bachelors,13,Never-married,Exec-managerial,Not-in-family,White,Male,0,0,40,United-States,<=50K
38,State-gov,103925,HS-grad,9,Divorced,Other-service,Unmarried,White,Female,2036,0,20,United-States,<=50K
23,Private,161478,Some-college,10,Never-married,Sales,Own-child,Asian-Pac-Islander,Female,0,0,40,United-States,<=50K
41,Private,176452,HS-grad,9,Married-civ-spouse,Tech-support,Husband,White,Male,0,0,40,Peru,<=50K
31,Local-gov,236487,Bachelors,13,Never-married,Prof-specialty,Not-in-family,White,Female,0,0,40,Germany,<=50K
32,Private,53206,Bachelors,13,Divorced,Craft-repair,Not-in-family,White,Male,0,0,50,United-States,>50K
37,Private,200153,HS-grad,9,Married-civ-spouse,Craft-repair,Husband,White,Male,0,0,40,United-States,<=50K
53,Private,223660,HS-grad,9,Widowed,Machine-op-inspct,Not-in-family,White,Male,6849,0,40,United-States,<=50K
35,Private,105813,Bachelors,13,Married-civ-spouse,Prof-specialty,Husband,White,Male,0,0,48,United-States,>50K
47,Federal-gov,117628,HS-grad,9,Married-civ-spouse,Craft-repair,Husband,White,Male,0,0,40,United-States,>50K
39,Private,380614,Some-college,10,Divorced,Prof-specialty,Not-in-family,White,Female,0,0,45,United-States,>50K
61,Private,179743,HS-grad,9,Married-civ-spouse,Craft-repair,Husband,White,Male,0,2051,20,United-States,<=50K
33,Private,150570,Bachelors,13,Married-civ-spouse,Prof-specialty,Husband,White,Male,3103,0,43,United-States,>50K
50,Private,158294,Assoc-voc,11,Married-civ-spouse,Tech-support,Husband,White,Male,3103,0,40,United-States,>50K
39,Private,102953,Bachelors,13,Married-civ-spouse,Sales,Husband,White,Male,7298,0,55,United-States,>50K
34,Private,56883,Some-college,10,Never-married,Other-service,Unmarried,White,Female,0,0,40,United-States,<=50K
34,Self-emp-inc,202450,HS-grad,9,Married-civ-spouse,Craft-repair,Husband,White,Male,0,0,50,United-States,<=50K
48,Private,326048,Assoc-acdm,12,Divorced,Other-service,Not-in-family,White,Male,0,0,44,United-States,<=50K
23,State-gov,283499,HS-grad,9,Never-married,Protective-serv,Own-child,White,Male,0,0,40,United-States,<=50K
39,Self-emp-inc,135500,HS-grad,9,Married-civ-spouse,Exec-managerial,Husband,White,Male,0,1977,40,United-States,>50K
38,Private,226357,HS-grad,9,Married-civ-spouse,Craft-repair,Husband,White,Male,0,0,40,United-States,<=50K
28,Private,184078,12th,8,Divorced,Machine-op-inspct,Not-in-family,White,Female,0,0,40,United-States,<=50K
34,Private,205733,HS-grad,9,Never-married,Adm-clerical,Not-in-family,White,Female,0,0,40,United-States,<=50K
47,Private,249935,11th,7,Divorced,Craft-repair,Own-child,White,Male,0,0,8,United-States,<=50K
41,Private,206948,Bachelors,13,Married-civ-spouse,Sales,Husband,White,Male,0,0,40,United-States,>50K
25,Private,164488,Bachelors,13,Never-married,Tech-support,Not-in-family,White,Male,0,0,40,United-States,<=50K
53,Private,209906,1st-4th,2,Married-civ-spouse,Other-service,Husband,Black,Male,0,0,35,Puerto-Rico,<=50K
43,Private,106760,HS-grad,9,Married-civ-spouse,Adm-clerical,Wife,White,Female,0,0,50,Canada,>50K
33,Federal-gov,88913,Some-college,10,Never-married,Adm-clerical,Own-child,Asian-Pac-Islander,Female,0,0,40,United-States,<=50K
45,Self-emp-inc,139268,HS-grad,9,Married-civ-spouse,Sales,Husband,White,Male,0,0,50,United-States,>50K
59,Private,115414,Some-college,10,Married-civ-spouse,Exec-managerial,Husband,White,Male,0,0,40,United-States,>50K
39,Private,114591,Some-college,10,Separated,Prof-specialty,Unmarried,White,Female,0,0,40,United-States,<=50K
49,Federal-gov,195437,Assoc-acdm,12,Married-civ-spouse,Adm-clerical,Husband,White,Male,0,0,60,United-States,>50K
39,Local-gov,166497,HS-grad,9,Divorced,Handlers-cleaners,Not-in-family,White,Male,0,0,40,United-States,>50K
64,Self-emp-not-inc,149698,Prof-school,15,Married-civ-spouse,Prof-specialty,Husband,White,Male,0,0,40,United-States,>50K
25,Private,126974,HS-grad,9,Never-married,Craft-repair,Own-child,White,Male,0,0,40,United-States,<=50K
49,Local-gov,304246,Masters,14,Separated,Prof-specialty,Unmarried,White,Female,0,0,70,United-States,<=50K
37,Private,126708,HS-grad,9,Married-civ-spouse,Adm-clerical,Wife,White,Female,0,0,60,United-States,<=50K
46,Local-gov,230979,Bachelors,13,Divorced,Prof-specialty,Not-in-family,White,Female,4787,0,25,United-States,>50K
59,Private,247187,HS-grad,9,Divorced,Adm-clerical,Not-in-family,White,Female,0,0,40,United-States,<=50K
37,Private,36425,HS-grad,9,Never-married,Other-service,Not-in-family,White,Female,0,0,40,United-States,<=50K
25,Private,176729,Bachelors,13,Married-civ-spouse,Craft-repair,Husband,White,Male,0,0,60,United-States,>50K
29,Private,188729,Bachelors,13,Never-married,Adm-clerical,Not-in-family,White,Female,0,0,45,United-States,<=50K
61,Private,223133,HS-grad,9,Divorced,Handlers-cleaners,Not-in-family,Black,Female,0,0,40,United-States,<=50K
47,Self-emp-inc,156728,HS-grad,9,Married-civ-spouse,Sales,Husband,White,Male,0,0,55,United-States,<=50K
32,Private,396745,Bachelors,13,Married-civ-spouse,Prof-specialty,Husband,White,Male,0,2415,48,United-States,>50K
33,Private,296538,HS-grad,9,Married-civ-spouse,Sales,Husband,White,Male,0,0,45,United-States,>50K
65,Self-emp-not-inc,31740,Some-college,10,Widowed,Exec-managerial,Unmarried,White,Female,0,0,45,United-States,<=50K
40,Private,93955,Some-college,10,Married-civ-spouse,Prof-specialty,Wife,White,Female,0,0,40,United-States,<=50K
24,Private,388885,HS-grad,9,Never-married,Machine-op-inspct,Not-in-family,White,Male,0,0,48,United-States,<=50K
21,Private,54472,HS-grad,9,Never-married,Other-service,Unmarried,White,Female,0,0,40,United-States,<=50K
29,Self-emp-inc,87745,Some-college,10,Never-married,Exec-managerial,Not-in-family,White,Male,0,0,60,United-States,<=50K
43,Private,336513,Some-college,10,Married-civ-spouse,Exec-managerial,Husband,White,Male,0,1902,40,United-States,>50K
46,Local-gov,354962,HS-grad,9,Married-civ-spouse,Machine-op-inspct,Husband,Black,Male,0,0,40,United-States,<=50K
21,Private,304302,HS-grad,9,Never-married,Handlers-cleaners,Own-child,Amer-Indian-Eskimo,Male,0,0,40,United-States,<=50K
39,Private,167482,HS-grad,9,Married-civ-spouse,Other-service,Husband,White,Male,0,0,60,United-States,>50K
59,Private,188041,HS-grad,9,Divorced,Handlers-cleaners,Not-in-family,Black,Male,0,0,40,United-States,<=50K
46,Private,345073,HS-grad,9,Divorced,Exec-managerial,Not-in-family,White,Male,0,0,48,United-States,>50K
47,Private,196707,Prof-school,15,Divorced,Adm-clerical,Not-in-family,White,Male,0,0,40,United-States,<=50K
27,State-gov,23740,HS-grad,9,Never-married,Transport-moving,Not-in-family,Amer-Indian-Eskimo,Male,0,0,38,United-States,>50K
29,Federal-gov,107411,Some-college,10,Married-spouse-absent,Adm-clerical,Own-child,White,Female,0,0,40,United-States,<=50K
63,Self-emp-not-inc,117681,Assoc-voc,11,Married-civ-spouse,Farming-fishing,Husband,White,Male,0,0,40,United-States,<=50K
28,Private,115438,Bachelors,13,Never-married,Adm-clerical,Own-child,White,Male,0,0,40,United-States,<=50K
31,Private,195136,Assoc-acdm,12,Divorced,Other-service,Not-in-family,White,Female,0,0,32,United-States,<=50K
29,Private,34796,HS-grad,9,Never-married,Exec-managerial,Not-in-family,White,Male,0,0,40,United-States,<=50K
21,Private,118023,HS-grad,9,Never-married,Farming-fishing,Own-child,White,Male,0,0,24,United-States,<=50K
37,Self-emp-not-inc,154641,Assoc-acdm,12,Married-civ-spouse,Farming-fishing,Husband,White,Male,2105,0,50,United-States,<=50K
35,Private,112264,HS-grad,9,Married-civ-spouse,Sales,Husband,White,Male,0,0,50,United-States,<=50K
47,Federal-gov,160647,HS-grad,9,Separated,Adm-clerical,Unmarried,White,Female,0,0,40,United-States,<=50K
46,Private,73434,Masters,14,Divorced,Exec-managerial,Not-in-family,White,Female,0,0,45,United-States,<=50K
37,Private,183800,Bachelors,13,Married-civ-spouse,Prof-specialty,Husband,White,Male,7688,0,50,United-States,>50K
43,Private,173316,Some-college,10,Married-civ-spouse,Craft-repair,Husband,White,Male,0,0,40,United-States,<=50K
23,Private,291248,HS-grad,9,Never-married,Machine-op-inspct,Other-relative,Black,Male,0,0,40,United-States,<=50K
35,Self-emp-not-inc,160192,Some-college,10,Never-married,Craft-repair,Own-child,White,Male,0,0,40,United-States,<=50K
34,Local-gov,106169,Masters,14,Divorced,Prof-specialty,Not-in-family,White,Female,0,0,50,United-States,<=50K
55,Private,113912,Assoc-voc,11,Married-civ-spouse,Prof-specialty,Wife,White,Female,0,0,20,United-States,<=50K
37,Self-emp-inc,97986,Assoc-acdm,12,Married-civ-spouse,Sales,Husband,White,Male,0,0,68,United-States,<=50K
59,Private,177120,9th,5,Married-civ-spouse,Other-service,Husband,White,Male,0,0,40,United-States,<=50K
49,State-gov,131302,Assoc-voc,11,Divorced,Adm-clerical,Not-in-family,Black,Female,0,0,44,United-States,<=50K
36,Private,90159,Bachelors,13,Married-civ-spouse,Prof-specialty,Wife,White,Female,0,0,32,United-States,>50K
61,Private,83045,9th,5,Married-civ-spouse,Machine-op-inspct,Husband,White,Male,0,0,40,United-States,<=50K
44,Private,120277,Masters,14,Married-civ-spouse,Exec-managerial,Husband,White,Male,0,0,38,United-States,>50K
46,Private,128047,Some-college,10,Separated,Sales,Not-in-family,White,Male,0,0,42,United-States,<=50K
30,Private,184687,HS-grad,9,Never-married,Prof-specialty,Own-child,White,Female,0,0,30,United-States,<=50K
37,Private,167396,HS-grad,9,Married-civ-spouse,Other-service,Husband,White,Male,0,0,40,Guatemala,<=50K
37,Private,208391,Some-college,10,Married-civ-spouse,Transport-moving,Husband,White,Male,0,0,40,United-States,>50K
29,Private,161478,Bachelors,13,Never-married,Adm-clerical,Not-in-family,Asian-Pac-Islander,Female,0,0,40,Japan,<=50K
29,Private,87507,Doctorate,16,Married-civ-spouse,Prof-specialty,Husband,Asian-Pac-Islander,Male,0,0,60,India,<=50K
48,Private,139290,10th,6,Separated,Machine-op-inspct,Own-child,White,Female,0,0,48,United-States,<=50K
56,Private,105281,HS-grad,9,Widowed,Sales,Not-in-family,White,Female,0,1974,40,United-States,<=50K
24,Private,88095,Some-college,10,Never-married,Machine-op-inspct,Not-in-family,White,Female,0,0,24,Mexico,<=50K
48,Private,192791,HS-grad,9,Married-civ-spouse,Machine-op-inspct,Husband,White,Male,0,0,40,United-States,<=50K
33,Self-emp-not-inc,155151,Some-college,10,Married-civ-spouse,Sales,Husband,White,Male,0,1740,50,United-States,<=50K
23,Private,239663,Some-college,10,Never-married,Handlers-cleaners,Own-child,White,Male,2597,0,50,United-States,<=50K
38,Private,165302,Some-college,10,Divorced,Adm-clerical,Unmarried,Other,Female,0,0,40,United-States,<=50K
46,Private,195023,HS-grad,9,Married-spouse-absent,Machine-op-inspct,Not-in-family,White,Female,0,0,40,Columbia,<=50K
59,Private,656036,Bachelors,13,Separated,Adm-clerical,Unmarried,White,Male,0,0,60,United-States,<=50K
43,Self-emp-not-inc,174090,HS-grad,9,Married-civ-spouse,Adm-clerical,Wife,White,Female,0,0,20,United-States,>50K
38,Private,76878,11th,7,Married-civ-spouse,Craft-repair,Husband,White,Male,5178,0,40,United-States,>50K
28,Private,346406,HS-grad,9,Married-civ-spouse,Machine-op-inspct,Husband,White,Male,0,1672,50,United-States,<=50K
19,Private,201743,Some-college,10,Never-married,Other-service,Own-child,White,Female,0,0,15,United-States,<=50K
22,Private,305781,HS-grad,9,Never-married,Sales,Not-in-family,White,Male,0,0,45,Canada,<=50K
45,Self-emp-not-inc,102771,Bachelors,13,Married-civ-spouse,Transport-moving,Husband,White,Male,0,0,40,United-States,>50K
25,Private,109009,11th,7,Married-civ-spouse,Craft-repair,Husband,White,Male,0,0,40,United-States,<=50K
20,Private,129240,Some-college,10,Never-married,Adm-clerical,Own-child,White,Female,0,0,20,United-States,<=50K
48,Private,325372,1st-4th,2,Married-civ-spouse,Machine-op-inspct,Husband,White,Male,0,0,40,Portugal,<=50K
21,Private,96844,Some-college,10,Never-married,Adm-clerical,Not-in-family,White,Female,0,0,20,United-States,<=50K
32,Private,234755,HS-grad,9,Separated,Craft-repair,Unmarried,Black,Male,0,0,40,United-States,<=50K
59,Private,170988,HS-grad,9,Married-civ-spouse,Sales,Husband,White,Male,0,0,55,United-States,<=50K
43,State-gov,255835,Some-college,10,Divorced,Adm-clerical,Other-relative,White,Female,0,0,40,United-States,<=50K
49,Self-emp-not-inc,377622,Assoc-acdm,12,Divorced,Sales,Not-in-family,White,Male,0,0,50,United-States,<=50K
59,Self-emp-not-inc,170411,7th-8th,4,Married-civ-spouse,Transport-moving,Husband,White,Male,0,0,40,United-States,<=50K
42,Private,235786,Assoc-acdm,12,Married-civ-spouse,Craft-repair,Husband,White,Male,0,0,50,United-States,>50K
20,Private,211049,Some-college,10,Never-married,Exec-managerial,Own-child,White,Female,0,0,30,United-States,<=50K
26,Private,190469,Bachelors,13,Never-married,Tech-support,Not-in-family,White,Male,0,0,40,United-States,<=50K
36,Private,219483,Some-college,10,Never-married,Adm-clerical,Not-in-family,White,Female,0,0,40,United-States,<=50K
62,Self-emp-not-inc,115176,HS-grad,9,Married-civ-spouse,Farming-fishing,Husband,White,Male,0,0,65,United-States,<=50K
40,Private,202565,Assoc-acdm,12,Married-civ-spouse,Sales,Husband,White,Male,0,0,52,United-States,<=50K
40,Federal-gov,544792,Some-college,10,Married-civ-spouse,Farming-fishing,Husband,White,Male,0,0,40,United-States,<=50K
35,Private,253006,Some-college,10,Married-civ-spouse,Prof-specialty,Husband,White,Male,7688,0,38,United-States,>50K
26,Private,67240,HS-grad,9,Married-civ-spouse,Craft-repair,Husband,White,Male,0,0,40,United-States,<=50K
30,Private,75167,Some-college,10,Married-civ-spouse,Machine-op-inspct,Husband,White,Male,0,0,40,United-States,>50K
35,Private,148581,HS-grad,9,Married-civ-spouse,Craft-repair,Husband,White,Male,0,1740,40,United-States,<=50K
90,Local-gov,153602,HS-grad,9,Married-civ-spouse,Other-service,Husband,White,Male,6767,0,40,United-States,<=50K
22,Private,324922,HS-grad,9,Never-married,Machine-op-inspct,Not-in-family,White,Male,0,0,50,United-States,<=50K
28,Private,192283,Masters,14,Married-spouse-absent,Sales,Not-in-family,White,Female,0,0,80,United-States,>50K
62,Private,122246,Some-college,10,Never-married,Craft-repair,Not-in-family,White,Female,8614,0,39,United-States,>50K
41,State-gov,109762,Masters,14,Never-married,Prof-specialty,Not-in-family,White,Male,0,0,40,United-States,<=50K
17,Private,159299,11th,7,Never-married,Other-service,Own-child,White,Female,0,0,20,United-States,<=50K
32,Private,157289,HS-grad,9,Married-spouse-absent,Handlers-cleaners,Other-relative,White,Male,0,0,40,United-States,<=50K
25,Private,28008,Assoc-acdm,12,Divorced,Adm-clerical,Unmarried,White,Female,0,0,40,United-States,<=50K
28,Self-emp-not-inc,33035,12th,8,Divorced,Other-service,Unmarried,White,Female,0,0,30,United-States,<=50K
24,Private,182163,11th,7,Never-married,Adm-clerical,Not-in-family,White,Female,0,0,40,Germany,<=50K
50,Local-gov,212685,HS-grad,9,Married-civ-spouse,Other-service,Husband,Black,Male,0,0,40,United-States,<=50K
48,State-gov,122086,HS-grad,9,Married-civ-spouse,Protective-serv,Husband,White,Male,0,0,40,United-States,<=50K
19,Private,55284,HS-grad,9,Never-married,Handlers-cleaners,Own-child,White,Female,0,0,25,United-States,<=50K
53,State-gov,58913,Masters,14,Married-civ-spouse,Exec-managerial,Husband,White,Male,0,0,42,United-States,>50K
39,Private,356838,HS-grad,9,Never-married,Farming-fishing,Own-child,White,Male,0,0,12,United-States,<=50K
23,Private,239322,HS-grad,9,Divorced,Sales,Not-in-family,White,Male,0,0,40,United-States,<=50K
27,Private,132326,Some-college,10,Married-civ-spouse,Craft-repair,Husband,White,Male,0,0,40,United-States,<=50K
60,Private,193235,Assoc-acdm,12,Married-civ-spouse,Adm-clerical,Husband,White,Male,0,0,24,United-States,<=50K
41,Private,207375,HS-grad,9,Never-married,Sales,Not-in-family,White,Female,0,0,50,United-States,<=50K
29,Private,338270,HS-grad,9,Separated,Adm-clerical,Unmarried,White,Female,0,0,40,United-States,<=50K
23,Private,260617,10th,6,Never-married,Craft-repair,Not-in-family,White,Male,0,0,40,United-States,<=50K
35,Private,213208,Assoc-voc,11,Married-civ-spouse,Tech-support,Husband,Black,Male,0,0,38,Jamaica,<=50K
37,Private,160120,Masters,14,Never-married,Prof-specialty,Unmarried,Asian-Pac-Islander,Male,0,0,40,South,<=50K
45,Private,331643,Some-college,10,Married-civ-spouse,Craft-repair,Husband,White,Male,0,0,40,United-States,>50K
43,State-gov,308498,HS-grad,9,Married-spouse-absent,Exec-managerial,Unmarried,White,Female,0,0,40,United-States,<=50K
32,Private,121634,10th,6,Never-married,Machine-op-inspct,Own-child,White,Male,0,0,40,Mexico,<=50K
67,Self-emp-inc,81413,HS-grad,9,Married-civ-spouse,Transport-moving,Husband,White,Male,0,0,40,United-States,<=50K
34,Private,158615,Some-college,10,Married-civ-spouse,Handlers-cleaners,Husband,White,Male,0,0,40,United-States,<=50K
43,Private,130126,Bachelors,13,Married-civ-spouse,Exec-managerial,Husband,White,Male,15024,0,50,United-States,>50K
42,Private,303155,Assoc-acdm,12,Divorced,Adm-clerical,Not-in-family,White,Male,0,0,40,United-States,<=50K
30,Private,345705,Some-college,10,Married-civ-spouse,Exec-managerial,Other-relative,White,Male,0,0,40,United-States,<=50K
43,Local-gov,413760,Some-college,10,Separated,Craft-repair,Not-in-family,Black,Male,0,0,40,United-States,<=50K
43,State-gov,125405,HS-grad,9,Married-civ-spouse,Protective-serv,Husband,White,Male,0,0,40,United-States,<=50K
29,Self-emp-not-inc,341672,HS-grad,9,Married-spouse-absent,Transport-moving,Other-relative,Asian-Pac-Islander,Male,0,1564,50,India,>50K
43,Private,221172,Bachelors,13,Married-civ-spouse,Tech-support,Husband,White,Male,0,0,24,United-States,>50K
44,Private,182370,HS-grad,9,Married-civ-spouse,Craft-repair,Husband,White,Male,0,0,40,United-States,<=50K
38,Private,117528,Bachelors,13,Never-married,Other-service,Other-relative,White,Female,0,0,45,United-States,<=50K
28,Private,398918,HS-grad,9,Never-married,Tech-support,Not-in-family,White,Male,0,0,40,United-States,<=50K
26,Private,343506,HS-grad,9,Never-married,Other-service,Own-child,Black,Female,0,0,40,United-States,<=50K
45,Self-emp-not-inc,106110,Some-college,10,Married-civ-spouse,Other-service,Wife,White,Female,0,0,99,United-States,<=50K
47,Local-gov,352614,Assoc-acdm,12,Married-civ-spouse,Protective-serv,Husband,White,Male,0,0,40,United-States,>50K
32,Federal-gov,566117,Some-college,10,Divorced,Adm-clerical,Unmarried,White,Female,0,0,40,United-States,<=50K
19,Private,195805,HS-grad,9,Never-married,Sales,Own-child,White,Female,0,0,12,United-States,<=50K
41,Local-gov,160893,Preschool,1,Never-married,Handlers-cleaners,Own-child,White,Female,0,0,30,United-States,<=50K
57,Private,104996,Some-college,10,Never-married,Craft-repair,Not-in-family,White,Male,0,0,42,United-States,<=50K
54,State-gov,32778,HS-grad,9,Widowed,Exec-managerial,Not-in-family,White,Female,0,0,40,United-States,<=50K
37,Private,186191,HS-grad,9,Married-civ-spouse,Machine-op-inspct,Husband,White,Male,0,0,46,United-States,<=50K
27,Private,420351,HS-grad,9,Never-married,Transport-moving,Own-child,White,Male,0,0,40,United-States,<=50K
37,Local-gov,117683,HS-grad,9,Married-civ-spouse,Protective-serv,Husband,White,Male,0,0,40,United-States,<=50K
23,Private,384651,Some-college,10,Married-civ-spouse,Handlers-cleaners,Husband,White,Male,0,0,40,United-States,<=50K
53,Private,287317,HS-grad,9,Divorced,Machine-op-inspct,Unmarried,Black,Male,0,0,32,United-States,<=50K
55,Self-emp-not-inc,59469,9th,5,Married-civ-spouse,Farming-fishing,Husband,White,Male,0,0,25,United-States,<=50K
46,Self-emp-not-inc,176863,HS-grad,9,Married-civ-spouse,Exec-managerial,Husband,White,Male,0,0,40,United-States,<=50K
33,Private,236396,HS-grad,9,Never-married,Adm-clerical,Own-child,White,Male,0,0,35,United-States,<=50K
23,Private,122346,HS-grad,9,Never-married,Sales,Own-child,White,Male,0,0,40,United-States,<=50K
75,Private,101887,10th,6,Widowed,Priv-house-serv,Not-in-family,White,Female,0,0,70,United-States,<=50K
30,Private,293512,Assoc-voc,11,Never-married,Prof-specialty,Not-in-family,Black,Male,0,0,40,United-States,<=50K
54,Self-emp-not-inc,109418,Bachelors,13,Married-civ-spouse,Exec-managerial,Wife,White,Female,0,1977,35,United-States,>50K
48,Private,345831,HS-grad,9,Divorced,Machine-op-inspct,Not-in-family,White,Male,0,0,40,United-States,<=50K
52,Private,204402,HS-grad,9,Married-civ-spouse,Transport-moving,Husband,White,Male,0,0,85,United-States,>50K
23,Private,141272,Bachelors,13,Never-married,Other-service,Own-child,Black,Female,0,0,30,United-States,<=50K
51,Private,169364,Some-college,10,Divorced,Handlers-cleaners,Not-in-family,White,Female,0,0,40,Ireland,<=50K
32,Private,190228,HS-grad,9,Never-married,Other-service,Not-in-family,White,Male,0,0,60,United-States,<=50K
17,Private,32607,10th,6,Never-married,Farming-fishing,Own-child,White,Male,0,0,20,United-States,<=50K
23,Private,34113,HS-grad,9,Married-civ-spouse,Craft-repair,Husband,White,Male,0,0,45,United-States,<=50K
49,Private,149049,Some-college,10,Divorced,Exec-managerial,Not-in-family,White,Male,14344,0,45,United-States,>50K
40,Private,55508,7th-8th,4,Divorced,Farming-fishing,Unmarried,White,Female,0,0,40,United-States,<=50K
35,Private,139770,HS-grad,9,Never-married,Adm-clerical,Own-child,White,Female,6849,0,40,United-States,<=50K
32,Self-emp-not-inc,170108,HS-grad,9,Separated,Sales,Not-in-family,White,Male,0,0,50,United-States,<=50K
55,Private,179534,11th,7,Widowed,Handlers-cleaners,Unmarried,White,Female,0,0,40,United-States,<=50K
22,Private,103277,Some-college,10,Never-married,Adm-clerical,Own-child,White,Female,0,0,20,United-States,<=50K
37,Private,86551,Bachelors,13,Married-civ-spouse,Exec-managerial,Husband,White,Male,0,0,50,United-States,>50K
34,State-gov,180871,Bachelors,13,Married-civ-spouse,Adm-clerical,Husband,White,Male,0,0,55,United-States,<=50K
39,Private,230054,Masters,14,Married-civ-spouse,Prof-specialty,Husband,White,Male,0,0,50,United-States,>50K
27,Private,372500,5th-6th,3,Married-civ-spouse,Handlers-cleaners,Husband,White,Male,0,0,45,Mexico,<=50K
29,Private,103432,HS-grad,9,Never-married,Craft-repair,Not-in-family,White,Male,0,0,40,United-States,<=50K
37,Self-emp-not-inc,198841,11th,7,Married-civ-spouse,Transport-moving,Husband,White,Male,0,0,40,United-States,<=50K
56,Local-gov,305767,HS-grad,9,Married-civ-spouse,Other-service,Husband,Asian-Pac-Islander,Male,0,0,40,China,<=50K
56,Private,345730,Bachelors,13,Married-civ-spouse,Prof-specialty,Husband,White,Male,0,0,45,United-States,>50K
46,Private,180695,Some-college,10,Never-married,Adm-clerical,Own-child,White,Female,0,0,40,United-States,<=50K
37,Private,190964,HS-grad,9,Separated,Exec-managerial,Own-child,White,Male,0,0,40,United-States,<=50K
59,Private,229939,HS-grad,9,Married-civ-spouse,Sales,Husband,White,Male,0,0,40,United-States,<=50K
53,State-gov,281590,HS-grad,9,Married-civ-spouse,Exec-managerial,Wife,White,Female,15024,0,40,United-States,>50K
45,Private,267967,Bachelors,13,Married-civ-spouse,Prof-specialty,Husband,White,Male,0,0,45,United-States,>50K
27,Private,255582,HS-grad,9,Never-married,Machine-op-inspct,Not-in-family,White,Female,0,0,40,United-States,<=50K
43,Self-emp-not-inc,35236,Some-college,10,Married-civ-spouse,Farming-fishing,Husband,White,Male,0,0,84,United-States,<=50K
42,Private,201723,HS-grad,9,Divorced,Adm-clerical,Unmarried,White,Male,0,0,40,United-States,<=50K
34,Private,112584,10th,6,Divorced,Other-service,Unmarried,White,Female,0,0,38,United-States,<=50K
37,Private,224566,HS-grad,9,Never-married,Craft-repair,Unmarried,White,Male,0,0,40,United-States,<=50K
22,Private,126822,Bachelors,13,Never-married,Adm-clerical,Own-child,White,Female,0,0,60,United-States,<=50K
38,Private,234962,HS-grad,9,Married-civ-spouse,Handlers-cleaners,Husband,White,Male,2829,0,30,Mexico,<=50K
17,Private,191260,9th,5,Never-married,Other-service,Own-child,White,Male,1055,0,24,United-States,<=50K
32,Private,198660,Some-college,10,Married-civ-spouse,Craft-repair,Husband,White,Male,0,0,40,United-States,<=50K
23,Private,32616,Bachelors,13,Never-married,Adm-clerical,Own-child,White,Female,0,0,20,United-States,<=50K
49,Self-emp-not-inc,182752,Doctorate,16,Married-civ-spouse,Prof-specialty,Wife,White,Female,0,0,35,United-States,>50K
20,Private,107658,Some-college,10,Never-married,Tech-support,Not-in-family,White,Female,0,0,10,United-States,<=50K
44,Private,164678,Masters,14,Married-civ-spouse,Prof-specialty,Wife,White,Female,0,0,45,United-States,<=50K
36,Private,358373,HS-grad,9,Separated,Machine-op-inspct,Not-in-family,Black,Female,0,0,36,United-States,<=50K
28,Federal-gov,298661,Bachelors,13,Never-married,Tech-support,Not-in-family,Black,Female,0,0,40,United-States,<=50K
38,Private,123833,Some-college,10,Never-married,Other-service,Not-in-family,White,Male,0,1408,40,United-States,<=50K
59,Private,24384,HS-grad,9,Widowed,Priv-house-serv,Not-in-family,White,Female,0,0,40,United-States,<=50K
33,Private,215306,Assoc-voc,11,Never-married,Other-service,Not-in-family,White,Male,0,0,40,Cuba,<=50K
51,Local-gov,74784,Some-college,10,Widowed,Adm-clerical,Not-in-family,White,Female,0,0,40,United-States,<=50K
46,Private,188027,Some-college,10,Never-married,Exec-managerial,Unmarried,White,Female,0,0,45,United-States,<=50K
35,Private,222989,HS-grad,9,Married-civ-spouse,Transport-moving,Husband,White,Male,0,0,30,United-States,<=50K
31,Private,226443,Bachelors,13,Never-married,Prof-specialty,Not-in-family,White,Male,0,0,40,United-States,<=50K
46,Private,90758,Masters,14,Never-married,Tech-support,Not-in-family,White,Male,0,0,35,United-States,>50K
34,Private,73161,HS-grad,9,Married-civ-spouse,Sales,Husband,White,Male,0,0,40,United-States,>50K
31,Private,125457,HS-grad,9,Never-married,Craft-repair,Not-in-family,White,Male,0,0,45,United-States,<=50K
35,Private,180988,Some-college,10,Divorced,Adm-clerical,Unmarried,White,Female,0,0,39,United-States,<=50K
44,Self-emp-not-inc,179557,HS-grad,9,Married-civ-spouse,Exec-managerial,Husband,White,Male,0,1977,45,United-States,>50K
35,Federal-gov,153633,Some-college,10,Never-married,Other-service,Unmarried,Black,Female,0,0,40,United-States,<=50K
27,Federal-gov,46442,Bachelors,13,Never-married,Protective-serv,Not-in-family,White,Female,0,0,35,United-States,<=50K
21,Private,275726,HS-grad,9,Never-married,Craft-repair,Own-child,Black,Male,0,0,40,United-States,<=50K
58,Private,202652,HS-grad,9,Separated,Other-service,Unmarried,White,Female,0,0,40,Dominican-Republic,<=50K
37,Private,51264,Doctorate,16,Married-civ-spouse,Prof-specialty,Husband,White,Male,0,0,99,France,>50K
47,Private,423222,Prof-school,15,Married-civ-spouse,Exec-managerial,Husband,White,Male,0,0,45,United-States,>50K
28,Federal-gov,42003,Some-college,10,Married-civ-spouse,Adm-clerical,Husband,White,Male,0,0,40,United-States,>50K
30,Private,56004,Some-college,10,Never-married,Exec-managerial,Own-child,Black,Female,0,0,40,United-States,<=50K
61,Private,243283,HS-grad,9,Married-civ-spouse,Machine-op-inspct,Husband,White,Male,0,0,40,United-States,<=50K
34,Private,150154,HS-grad,9,Never-married,Adm-clerical,Own-child,White,Male,0,0,40,United-States,<=50K
62,Private,69867,Bachelors,13,Married-civ-spouse,Prof-specialty,Husband,White,Male,0,0,55,United-States,>50K
38,Private,682947,Bachelors,13,Divorced,Exec-managerial,Not-in-family,White,Male,0,0,55,United-States,>50K
37,Private,241174,Bachelors,13,Married-civ-spouse,Prof-specialty,Husband,White,Male,0,0,99,United-States,>50K
53,Private,304504,Some-college,10,Married-civ-spouse,Transport-moving,Husband,White,Male,0,1887,45,United-States,>50K
36,Private,269318,Bachelors,13,Married-civ-spouse,Exec-managerial,Husband,White,Male,0,0,50,United-States,>50K
57,Private,180920,HS-grad,9,Married-civ-spouse,Transport-moving,Husband,White,Male,0,0,40,United-States,>50K
34,Private,146980,HS-grad,9,Married-spouse-absent,Other-service,Unmarried,White,Female,0,0,65,United-States,<=50K
39,State-gov,142897,Assoc-voc,11,Never-married,Exec-managerial,Unmarried,White,Female,0,0,50,United-States,<=50K
23,Private,166527,Some-college,10,Never-married,Exec-managerial,Own-child,Other,Female,0,0,40,United-States,<=50K
24,State-gov,191269,Bachelors,13,Never-married,Adm-clerical,Not-in-family,White,Female,0,0,65,United-States,<=50K
61,Private,98350,Preschool,1,Married-spouse-absent,Other-service,Not-in-family,Asian-Pac-Islander,Male,0,0,40,China,<=50K
38,Private,175972,Some-college,10,Married-civ-spouse,Other-service,Wife,White,Female,0,0,40,United-States,<=50K
40,Self-emp-inc,111483,Bachelors,13,Never-married,Prof-specialty,Own-child,White,Male,0,0,40,United-States,<=50K
49,Private,59612,Some-college,10,Married-civ-spouse,Sales,Husband,White,Male,0,0,44,United-States,<=50K
47,State-gov,100818,HS-grad,9,Married-civ-spouse,Adm-clerical,Wife,White,Female,0,0,40,United-States,>50K
46,Private,182533,Bachelors,13,Never-married,Adm-clerical,Unmarried,Asian-Pac-Islander,Female,0,0,40,Philippines,<=50K
55,Private,223127,9th,5,Married-civ-spouse,Farming-fishing,Husband,White,Male,0,0,40,United-States,<=50K
48,Local-gov,407495,Assoc-acdm,12,Married-civ-spouse,Protective-serv,Husband,White,Male,0,0,56,United-States,>50K
44,Private,115411,Some-college,10,Divorced,Machine-op-inspct,Not-in-family,White,Male,0,0,40,United-States,<=50K
40,State-gov,391736,Assoc-voc,11,Married-civ-spouse,Craft-repair,Husband,White,Male,0,0,40,United-States,<=50K
50,Private,134766,Bachelors,13,Married-civ-spouse,Exec-managerial,Husband,White,Male,0,1902,50,United-States,>50K
23,Private,200973,HS-grad,9,Never-married,Adm-clerical,Own-child,White,Female,0,0,40,United-States,<=50K
32,Private,299635,Assoc-voc,11,Married-civ-spouse,Craft-repair,Husband,White,Male,0,0,45,United-States,<=50K
59,Private,316027,HS-grad,9,Married-civ-spouse,Other-service,Husband,White,Male,0,0,45,Cuba,<=50K
17,Private,178953,12th,8,Never-married,Sales,Own-child,White,Female,0,0,20,United-States,<=50K
28,Private,109001,Masters,14,Married-civ-spouse,Prof-specialty,Husband,White,Male,0,0,38,United-States,>50K
27,Federal-gov,508336,Bachelors,13,Never-married,Exec-managerial,Not-in-family,Black,Male,0,0,48,United-States,<=50K
38,Private,170174,10th,6,Married-civ-spouse,Machine-op-inspct,Husband,White,Male,0,0,40,United-States,>50K
42,Private,66460,Some-college,10,Divorced,Exec-managerial,Unmarried,White,Female,0,0,45,United-States,<=50K
21,Private,153718,Some-college,10,Never-married,Other-service,Not-in-family,Asian-Pac-Islander,Female,0,0,25,United-States,<=50K
28,Private,215014,HS-grad,9,Married-civ-spouse,Transport-moving,Husband,White,Male,0,0,50,United-States,<=50K
34,Private,182401,Assoc-acdm,12,Divorced,Adm-clerical,Not-in-family,Black,Male,0,0,40,United-States,<=50K
19,Private,181020,11th,7,Never-married,Handlers-cleaners,Other-relative,White,Male,0,0,30,United-States,<=50K
56,Private,146660,HS-grad,9,Married-civ-spouse,Craft-repair,Husband,White,Male,0,0,60,United-States,<=50K
24,Private,117167,Some-college,10,Never-married,Other-service,Not-in-family,White,Female,0,0,53,United-States,<=50K
49,Local-gov,170846,Masters,14,Divorced,Exec-managerial,Not-in-family,White,Female,0,0,40,United-States,<=50K
36,Private,30267,HS-grad,9,Married-civ-spouse,Transport-moving,Husband,White,Male,0,0,50,United-States,<=50K
59,Private,127728,Some-college,10,Married-civ-spouse,Tech-support,Husband,White,Male,0,0,40,United-States,>50K
26,Private,136309,Bachelors,13,Never-married,Other-service,Not-in-family,White,Male,0,0,40,United-States,<=50K
26,Private,164488,Masters,14,Married-civ-spouse,Prof-specialty,Husband,White,Male,0,1887,40,United-States,>50K
31,Private,189461,Assoc-acdm,12,Divorced,Adm-clerical,Unmarried,White,Female,0,0,41,United-States,<=50K
46,Private,241935,11th,7,Married-civ-spouse,Other-service,Husband,Black,Male,7688,0,40,United-States,>50K
24,Private,341294,HS-grad,9,Married-civ-spouse,Machine-op-inspct,Husband,White,Male,0,0,40,United-States,<=50K
17,Private,238628,11th,7,Never-married,Other-service,Own-child,White,Female,0,0,5,United-States,<=50K
58,State-gov,280519,HS-grad,9,Divorced,Other-service,Own-child,Black,Male,0,0,40,United-States,<=50K
26,Local-gov,197764,Bachelors,13,Never-married,Prof-specialty,Not-in-family,White,Female,0,0,40,United-States,<=50K
53,Private,240914,Some-college,10,Married-civ-spouse,Craft-repair,Husband,White,Male,0,0,40,United-States,<=50K
57,Private,160275,HS-grad,9,Divorced,Craft-repair,Not-in-family,White,Male,0,0,40,United-States,<=50K
34,Self-emp-not-inc,313729,Bachelors,13,Married-civ-spouse,Sales,Husband,White,Male,0,0,60,United-States,>50K
49,Private,34545,Some-college,10,Married-civ-spouse,Exec-managerial,Husband,White,Male,0,1887,40,United-States,>50K
33,Private,192663,HS-grad,9,Separated,Sales,Not-in-family,White,Female,0,0,35,United-States,<=50K
38,State-gov,134069,Masters,14,Married-civ-spouse,Exec-managerial,Husband,White,Male,7298,0,60,United-States,>50K
50,Private,157043,11th,7,Divorced,Other-service,Not-in-family,Black,Female,0,0,40,United-States,<=50K
47,Self-emp-not-inc,479611,Bachelors,13,Divorced,Sales,Not-in-family,White,Male,0,0,50,United-States,<=50K
48,Private,95661,Some-college,10,Never-married,Adm-clerical,Not-in-family,White,Female,0,0,43,United-States,<=50K
29,Private,241667,Masters,14,Never-married,Prof-specialty,Not-in-family,White,Female,0,0,45,United-States,<=50K
44,Private,317320,Some-college,10,Divorced,Other-service,Unmarried,White,Female,0,0,40,United-States,<=50K
23,Private,53513,Bachelors,13,Never-married,Exec-managerial,Own-child,White,Female,0,0,45,United-States,<=50K
37,Private,83880,Some-college,10,Never-married,Craft-repair,Not-in-family,White,Male,0,0,40,United-States,<=50K
28,Private,153869,11th,7,Married-civ-spouse,Craft-repair,Husband,White,Male,0,0,40,United-States,<=50K
47,Self-emp-inc,212120,HS-grad,9,Married-civ-spouse,Craft-repair,Husband,White,Male,0,0,40,United-States,>50K
38,Private,405284,Bachelors,13,Never-married,Other-service,Own-child,White,Female,0,0,35,United-States,<=50K
61,Federal-gov,160155,Some-college,10,Married-civ-spouse,Exec-managerial,Husband,White,Male,0,0,40,United-States,>50K
20,Private,148509,HS-grad,9,Never-married,Other-service,Not-in-family,White,Female,0,0,40,United-States,<=50K
27,Private,706026,11th,7,Married-civ-spouse,Handlers-cleaners,Husband,White,Male,0,0,40,United-States,<=50K
21,Private,68358,Some-college,10,Never-married,Sales,Own-child,White,Female,0,0,20,United-States,<=50K
27,Private,175262,Bachelors,13,Never-married,Exec-managerial,Own-child,White,Male,0,0,40,United-States,<=50K
41,Private,211731,Some-college,10,Never-married,Adm-clerical,Not-in-family,White,Female,0,0,40,Mexico,<=50K
27,Private,225291,Some-college,10,Never-married,Adm-clerical,Not-in-family,White,Female,0,0,40,United-States,<=50K
18,Private,127827,12th,8,Never-married,Sales,Own-child,White,Female,0,0,25,United-States,<=50K
32,Private,216361,Some-college,10,Married-civ-spouse,Protective-serv,Husband,Black,Male,0,0,16,United-States,<=50K
44,Local-gov,189956,Bachelors,13,Married-civ-spouse,Protective-serv,Wife,Black,Female,15024,0,40,United-States,>50K
32,Private,183811,HS-grad,9,Married-civ-spouse,Handlers-cleaners,Husband,White,Male,2829,0,40,United-States,<=50K
52,Private,118025,Bachelors,13,Married-civ-spouse,Exec-managerial,Husband,White,Male,99999,0,50,United-States,>50K
40,Private,200479,Assoc-voc,11,Married-civ-spouse,Prof-specialty,Husband,White,Male,0,0,40,United-States,<=50K
31,Private,196227,HS-grad,9,Separated,Other-service,Not-in-family,White,Female,0,0,40,United-States,<=50K
41,Private,204410,HS-grad,9,Married-civ-spouse,Craft-repair,Husband,White,Male,0,1485,44,United-States,>50K
37,Private,191754,Bachelors,13,Married-civ-spouse,Adm-clerical,Husband,White,Male,0,0,50,United-States,>50K
47,Federal-gov,96854,Bachelors,13,Married-civ-spouse,Prof-specialty,Husband,White,Male,0,0,40,United-States,>50K
42,Federal-gov,170230,Masters,14,Never-married,Exec-managerial,Not-in-family,White,Female,14084,0,60,United-States,>50K
42,Private,89413,12th,8,Never-married,Farming-fishing,Own-child,White,Male,0,0,40,United-States,<=50K
46,Private,177114,Assoc-acdm,12,Widowed,Prof-specialty,Unmarried,White,Female,0,0,27,United-States,<=50K
42,Private,209392,HS-grad,9,Divorced,Protective-serv,Not-in-family,Black,Male,0,0,35,United-States,<=50K
17,Private,160049,10th,6,Never-married,Other-service,Own-child,White,Female,0,0,12,United-States,<=50K
39,Federal-gov,314822,Some-college,10,Married-civ-spouse,Adm-clerical,Husband,Black,Male,0,0,40,United-States,<=50K
74,Private,145463,1st-4th,2,Widowed,Priv-house-serv,Not-in-family,Black,Female,0,0,15,United-States,<=50K
30,Private,231413,Some-college,10,Married-civ-spouse,Craft-repair,Husband,White,Male,0,0,40,United-States,>50K
74,Federal-gov,181508,HS-grad,9,Widowed,Other-service,Not-in-family,White,Male,0,0,17,United-States,<=50K
35,State-gov,89040,Bachelors,13,Married-civ-spouse,Exec-managerial,Husband,White,Male,0,0,40,United-States,>50K
49,Self-emp-inc,109705,Some-college,10,Divorced,Exec-managerial,Unmarried,White,Female,0,0,32,United-States,<=50K
28,Private,102533,Some-college,10,Separated,Handlers-cleaners,Not-in-family,Black,Male,0,0,40,United-States,<=50K
55,Private,125000,HS-grad,9,Married-civ-spouse,Machine-op-inspct,Husband,White,Male,0,0,40,United-States,>50K
29,Private,297544,HS-grad,9,Married-civ-spouse,Craft-repair,Husband,White,Male,0,0,40,United-States,<=50K
33,Private,343925,HS-grad,9,Never-married,Handlers-cleaners,Not-in-family,Black,Male,0,0,40,Jamaica,<=50K
50,Private,28952,Some-college,10,Married-civ-spouse,Sales,Wife,White,Female,0,0,39,United-States,<=50K
56,Private,183884,11th,7,Married-civ-spouse,Machine-op-inspct,Husband,White,Male,0,0,40,United-States,<=50K
45,Private,543922,Masters,14,Divorced,Transport-moving,Not-in-family,White,Male,14344,0,48,United-States,>50K
34,Private,174789,Bachelors,13,Never-married,Other-service,Not-in-family,White,Male,0,2001,40,United-States,<=50K
28,Self-emp-inc,153291,HS-grad,9,Never-married,Adm-clerical,Own-child,White,Female,0,0,35,United-States,<=50K
47,Self-emp-not-inc,107231,Doctorate,16,Married-civ-spouse,Prof-specialty,Husband,White,Male,0,0,35,United-States,>50K
27,Private,151382,7th-8th,4,Divorced,Machine-op-inspct,Unmarried,White,Male,0,974,40,United-States,<=50K
44,State-gov,395078,HS-grad,9,Divorced,Adm-clerical,Not-in-family,White,Female,0,0,40,United-States,<=50K
27,Private,96219,Bachelors,13,Never-married,Adm-clerical,Not-in-family,White,Female,0,0,45,United-States,<=50K
35,Private,148015,Bachelors,13,Never-married,Sales,Own-child,Black,Female,0,0,40,United-States,<=50K
49,Self-emp-inc,306289,HS-grad,9,Married-civ-spouse,Exec-managerial,Husband,White,Male,0,0,40,United-States,>50K
53,Local-gov,188644,5th-6th,3,Married-civ-spouse,Other-service,Husband,White,Male,0,0,40,Mexico,<=50K
42,Self-emp-not-inc,99185,Some-college,10,Married-civ-spouse,Exec-managerial,Husband,White,Male,0,0,40,United-States,>50K
44,Private,265266,10th,6,Married-civ-spouse,Transport-moving,Husband,White,Male,0,0,40,United-States,<=50K
29,State-gov,95423,Masters,14,Married-civ-spouse,Adm-clerical,Husband,White,Male,0,0,36,United-States,<=50K
30,State-gov,361497,Bachelors,13,Married-civ-spouse,Protective-serv,Husband,White,Male,0,0,72,United-States,>50K
17,Private,369909,10th,6,Never-married,Other-service,Own-child,White,Male,0,0,20,United-States,<=50K
38,Private,106838,HS-grad,9,Married-civ-spouse,Transport-moving,Husband,White,Male,0,0,40,United-States,<=50K
33,Private,268571,Some-college,10,Married-civ-spouse,Other-service,Husband,White,Male,0,0,40,United-States,<=50K
51,Private,84399,HS-grad,9,Married-civ-spouse,Machine-op-inspct,Husband,Black,Male,0,0,40,United-States,<=50K
43,Private,83411,Some-college,10,Married-civ-spouse,Sales,Husband,White,Male,0,0,50,United-States,>50K
30,Private,206046,HS-grad,9,Married-civ-spouse,Craft-repair,Husband,White,Male,0,1848,40,United-States,>50K
27,Private,29732,Bachelors,13,Never-married,Prof-specialty,Not-in-family,White,Female,4865,0,36,United-States,<=50K
65,Private,113323,Bachelors,13,Married-civ-spouse,Exec-managerial,Husband,White,Male,0,0,40,United-States,>50K
58,Self-emp-not-inc,274917,Masters,14,Widowed,Other-service,Not-in-family,White,Female,0,0,15,United-States,<=50K
41,Private,353541,HS-grad,9,Married-civ-spouse,Machine-op-inspct,Husband,White,Male,0,0,40,Mexico,<=50K
43,Federal-gov,175669,Some-college,10,Married-civ-spouse,Adm-clerical,Wife,White,Female,0,0,40,United-States,<=50K
55,Private,110871,Bachelors,13,Married-civ-spouse,Sales,Husband,White,Male,0,0,40,United-States,<=50K
54,Private,171924,HS-grad,9,Married-civ-spouse,Transport-moving,Husband,White,Male,0,0,70,United-States,<=50K
23,Private,35448,Some-college,10,Never-married,Other-service,Unmarried,White,Female,0,0,25,United-States,<=50K
35,Private,77820,Some-college,10,Married-civ-spouse,Craft-repair,Husband,White,Male,0,0,60,United-States,<=50K
46,Local-gov,267588,Bachelors,13,Married-civ-spouse,Prof-specialty,Wife,White,Female,0,0,70,United-States,<=50K
45,Private,160724,HS-grad,9,Married-civ-spouse,Craft-repair,Husband,Asian-Pac-Islander,Male,0,0,40,Vietnam,<=50K
42,Private,242564,7th-8th,4,Never-married,Handlers-cleaners,Not-in-family,Black,Male,0,2205,40,United-States,<=50K
37,Private,126569,Masters,14,Married-civ-spouse,Tech-support,Husband,White,Male,0,0,60,United-States,>50K
24,Private,34568,Assoc-voc,11,Never-married,Transport-moving,Not-in-family,White,Male,0,0,40,United-States,<=50K
44,Private,152629,Bachelors,13,Married-civ-spouse,Adm-clerical,Husband,White,Male,3103,0,40,United-States,>50K
32,Private,340917,Bachelors,13,Never-married,Prof-specialty,Not-in-family,White,Male,0,0,50,United-States,>50K
30,Private,258170,HS-grad,9,Divorced,Adm-clerical,Not-in-family,White,Female,0,0,40,United-States,<=50K
31,Private,66815,HS-grad,9,Married-civ-spouse,Craft-repair,Husband,White,Male,0,0,50,United-States,<=50K
33,Private,276221,Doctorate,16,Married-civ-spouse,Prof-specialty,Husband,White,Male,0,0,40,United-States,<=50K
23,Private,197207,Bachelors,13,Never-married,Prof-specialty,Not-in-family,White,Female,0,0,40,United-States,<=50K
22,Private,184543,Some-college,10,Divorced,Adm-clerical,Unmarried,White,Female,0,0,40,United-States,<=50K
38,Private,207202,HS-grad,9,Married-civ-spouse,Machine-op-inspct,Husband,White,Male,0,0,48,United-States,>50K
58,Private,146477,Masters,14,Married-civ-spouse,Exec-managerial,Husband,White,Male,15024,0,40,Greece,>50K
28,Private,65171,Some-college,10,Married-civ-spouse,Tech-support,Husband,White,Male,0,0,70,United-States,<=50K
28,Private,190911,HS-grad,9,Married-civ-spouse,Craft-repair,Husband,White,Male,0,0,40,United-States,<=50K
54,Self-emp-not-inc,30908,7th-8th,4,Married-civ-spouse,Farming-fishing,Husband,White,Male,0,0,60,United-States,<=50K
17,Private,347322,10th,6,Never-married,Sales,Own-child,White,Female,0,0,20,United-States,<=50K
33,Private,80145,HS-grad,9,Married-civ-spouse,Transport-moving,Husband,White,Male,0,0,60,United-States,<=50K
25,Private,218667,HS-grad,9,Married-civ-spouse,Handlers-cleaners,Husband,White,Male,0,0,40,United-States,<=50K
63,Federal-gov,97855,Masters,14,Married-civ-spouse,Exec-managerial,Husband,White,Male,0,0,50,United-States,>50K
46,Private,585361,9th,5,Divorced,Exec-managerial,Unmarried,White,Female,0,0,40,United-States,<=50K
50,Private,125417,Assoc-acdm,12,Married-civ-spouse,Exec-managerial,Wife,Black,Female,0,0,40,United-States,>50K
37,Self-emp-not-inc,362062,Prof-school,15,Married-civ-spouse,Prof-specialty,Husband,White,Male,99999,0,50,United-States,>50K
42,Self-emp-not-inc,269733,Masters,14,Married-civ-spouse,Sales,Husband,White,Male,99999,0,80,United-States,>50K
25,Private,352057,HS-grad,9,Never-married,Transport-moving,Not-in-family,White,Male,0,0,65,United-States,<=50K
39,Private,108140,Masters,14,Married-civ-spouse,Exec-managerial,Husband,White,Male,0,0,50,United-States,>50K
19,Private,166153,HS-grad,9,Never-married,Sales,Own-child,White,Female,0,0,30,United-States,<=50K
19,Private,331433,HS-grad,9,Never-married,Protective-serv,Not-in-family,White,Male,0,0,32,United-States,<=50K
40,Private,163434,Some-college,10,Married-civ-spouse,Handlers-cleaners,Husband,White,Male,0,0,40,United-States,<=50K
57,Private,223214,HS-grad,9,Married-civ-spouse,Sales,Husband,White,Male,0,0,50,United-States,<=50K
28,Private,76129,HS-grad,9,Never-married,Machine-op-inspct,Unmarried,White,Female,0,0,40,Guatemala,<=50K
47,Private,198200,Bachelors,13,Never-married,Exec-managerial,Not-in-family,White,Male,0,0,50,United-States,<=50K
51,Private,234057,HS-grad,9,Married-civ-spouse,Craft-repair,Husband,White,Male,0,0,45,United-States,>50K
25,Private,240676,Some-college,10,Divorced,Tech-support,Own-child,White,Female,0,0,40,United-States,<=50K
45,Private,140644,HS-grad,9,Married-civ-spouse,Machine-op-inspct,Husband,White,Male,0,0,40,United-States,<=50K
28,Private,365411,9th,5,Married-civ-spouse,Machine-op-inspct,Husband,White,Male,0,0,42,United-States,<=50K
38,Private,186191,Bachelors,13,Never-married,Prof-specialty,Own-child,White,Male,0,0,40,United-States,<=50K
26,Private,73312,11th,7,Never-married,Machine-op-inspct,Unmarried,White,Female,0,0,15,United-States,<=50K
51,Self-emp-inc,338836,Some-college,10,Married-civ-spouse,Exec-managerial,Husband,White,Male,0,0,40,United-States,>50K
49,Self-emp-not-inc,171540,Some-college,10,Married-civ-spouse,Farming-fishing,Husband,White,Male,0,0,60,United-States,<=50K
38,Private,165848,Bachelors,13,Married-civ-spouse,Sales,Husband,White,Male,0,0,44,United-States,<=50K
50,Private,104501,HS-grad,9,Married-civ-spouse,Craft-repair,Husband,White,Male,0,0,40,United-States,>50K
51,Local-gov,143865,10th,6,Widowed,Other-service,Not-in-family,White,Female,0,0,24,United-States,<=50K
29,Self-emp-not-inc,169662,HS-grad,9,Married-civ-spouse,Craft-repair,Husband,White,Male,0,0,40,United-States,<=50K
34,Private,181091,Bachelors,13,Married-civ-spouse,Exec-managerial,Husband,White,Male,0,1977,45,United-States,>50K
26,Private,151810,10th,6,Never-married,Farming-fishing,Not-in-family,Black,Male,0,0,40,United-States,<=50K
20,Private,283969,Some-college,10,Never-married,Handlers-cleaners,Other-relative,White,Male,0,0,15,United-States,<=50K
